{"cameraMode":{"drawMode":0,"name":"Shaded","section":"Shading Mode"},"sceneLighting":true,"audioPlay":false,"sceneViewState":{"m_AlwaysRefresh":false,"showFog":true,"showSkybox":true,"showFlares":true,"showImageEffects":true,"showParticleSystems":true,"showVisualEffectGraphs":true,"m_FxEnabled":true},"in2DMode":false,"pivot":{"x":-2.957167625427246,"y":1.6603538990020753,"z":-1.581221342086792},"rotation":{"x":0.3537786900997162,"y":-0.030860429629683496,"z":0.011687323451042176,"w":0.9347589612007141},"size":14.58228588104248,"orthographic":false}