{"cameraMode":{"drawMode":0,"name":"Shaded","section":"Shading Mode"},"sceneLighting":false,"audioPlay":false,"sceneViewState":{"m_AlwaysRefresh":false,"showFog":true,"showSkybox":true,"showFlares":true,"showImageEffects":true,"showParticleSystems":true,"showVisualEffectGraphs":true,"m_FxEnabled":true},"in2DMode":false,"pivot":{"x":394.879638671875,"y":203.77842712402345,"z":511.12030029296877},"rotation":{"x":0.021302329376339914,"y":-0.014404055662453175,"z":0.0002825121337082237,"w":0.9996862411499023},"size":529.2954711914063,"orthographic":false}