{"cameraMode":{"drawMode":0,"name":"Shaded","section":"Shading Mode"},"sceneLighting":true,"audioPlay":false,"sceneViewState":{"m_AlwaysRefresh":false,"showFog":true,"showSkybox":true,"showFlares":true,"showImageEffects":true,"showParticleSystems":true,"showVisualEffectGraphs":true,"m_FxEnabled":true},"in2DMode":false,"pivot":{"x":17.609214782714845,"y":-129.92820739746095,"z":96.19229888916016},"rotation":{"x":-0.45416930317878725,"y":-0.07785993814468384,"z":0.039883650839328769,"w":-0.8866196274757385},"size":86.71807861328125,"orthographic":false}