{"cameraMode":{"drawMode":0,"name":"Shaded","section":"Shading Mode"},"sceneLighting":true,"audioPlay":false,"sceneViewState":{"m_AlwaysRefresh":false,"showFog":true,"showSkybox":true,"showFlares":true,"showImageEffects":true,"showParticleSystems":true,"showVisualEffectGraphs":true,"m_FxEnabled":true},"in2DMode":false,"pivot":{"x":-1.2638881206512452,"y":-2.661602020263672,"z":19.154958724975587},"rotation":{"x":0.1881418228149414,"y":0.02061985619366169,"z":-0.003943823743611574,"w":0.9819283485412598},"size":21.089738845825197,"orthographic":false}