{"cameraMode":{"drawMode":0,"name":"Shaded","section":"Shading Mode"},"sceneLighting":true,"audioPlay":false,"sceneViewState":{"m_AlwaysRefresh":false,"showFog":true,"showSkybox":true,"showFlares":true,"showImageEffects":true,"showParticleSystems":true,"showVisualEffectGraphs":true,"m_FxEnabled":true},"in2DMode":false,"pivot":{"x":-38.05296325683594,"y":-26.414749145507814,"z":92.75989532470703},"rotation":{"x":0.12930570542812348,"y":-0.15990255773067475,"z":0.021132221445441247,"w":0.9784022569656372},"size":62.12326431274414,"orthographic":false}